{
  "latitude": -23.5733,
  "longitude": -46.6417,
  "timezone": "America/Sao_Paulo",
  "currently": {
    "time": 1529716706,
    "summary": "Clear",
    "icon": "clear-night",
    "precipIntensity": 0,
    "precipProbability": 0,
    "temperature": 16.88,
    "apparentTemperature": 16.88,
    "dewPoint": 11.87,
    "humidity": 0.72,
    "pressure": 1019.91,
    "windSpeed": 1.38,
    "windGust": 2.28,
    "windBearing": 49,
    "cloudCover": 0.05,
    "uvIndex": 0,
    "visibility": 13.73,
    "ozone": 267.73
  },
  "hourly": {
    "summary": "Partly cloudy starting tomorrow morning, continuing until tomorrow afternoon.",
    "icon": "partly-cloudy-day",
    "data": [
      {
        "time": 1529715600,
        "summary": "Clear",
        "icon": "clear-night",
        "precipIntensity": 0,
        "precipProbability": 0,
        "temperature": 17.14,
        "apparentTemperature": 17.14,
        "dewPoint": 12.04,
        "humidity": 0.72,
        "pressure": 1019.88,
        "windSpeed": 1.39,
        "windGust": 2.27,
        "windBearing": 51,
        "cloudCover": 0.06,
        "uvIndex": 0,
        "visibility": 12.25,
        "ozone": 267.78
      },
      {
        "time": 1529719200,
        "summary": "Clear",
        "icon": "clear-night",
        "precipIntensity": 0,
        "precipProbability": 0,
        "temperature": 16.29,
        "apparentTemperature": 16.29,
        "dewPoint": 11.47,
        "humidity": 0.73,
        "pressure": 1019.98,
        "windSpeed": 1.39,
        "windGust": 2.32,
        "windBearing": 44,
        "cloudCover": 0.02,
        "uvIndex": 0,
        "visibility": 16.09,
        "ozone": 267.6
      },
      {
        "time": 1529722800,
        "summary": "Clear",
        "icon": "clear-night",
        "precipIntensity": 0,
        "precipProbability": 0,
        "temperature": 15.39,
        "apparentTemperature": 15.39,
        "dewPoint": 10.86,
        "humidity": 0.74,
        "pressure": 1019.82,
        "windSpeed": 1.17,
        "windGust": 2.38,
        "windBearing": 45,
        "cloudCover": 0,
        "uvIndex": 0,
        "visibility": 16.09,
        "ozone": 267.48
      },
      {
        "time": 1529726400,
        "summary": "Clear",
        "icon": "clear-night",
        "precipIntensity": 0,
        "precipProbability": 0,
        "temperature": 14.72,
        "apparentTemperature": 14.72,
        "dewPoint": 10.41,
        "humidity": 0.75,
        "pressure": 1019.68,
        "windSpeed": 1.36,
        "windGust": 2.41,
        "windBearing": 16,
        "cloudCover": 0,
        "uvIndex": 0,
        "visibility": 16.09,
        "ozone": 267.23
      },
      {
        "time": 1529730000,
        "summary": "Clear",
        "icon": "clear-night",
        "precipIntensity": 0,
        "precipProbability": 0,
        "temperature": 14.12,
        "apparentTemperature": 14.12,
        "dewPoint": 10.08,
        "humidity": 0.77,
        "pressure": 1019.05,
        "windSpeed": 1.35,
        "windGust": 2.44,
        "windBearing": 7,
        "cloudCover": 0.13,
        "uvIndex": 0,
        "visibility": 16.09,
        "ozone": 267.01
      },
      {
        "time": 1529733600,
        "summary": "Clear",
        "icon": "clear-night",
        "precipIntensity": 0,
        "precipProbability": 0,
        "temperature": 13.77,
        "apparentTemperature": 13.77,
        "dewPoint": 9.78,
        "humidity": 0.77,
        "pressure": 1018.72,
        "windSpeed": 1.27,
        "windGust": 2.46,
        "windBearing": 5,
        "cloudCover": 0.15,
        "uvIndex": 0,
        "visibility": 16.09,
        "ozone": 266.83
      },
      {
        "time": 1529737200,
        "summary": "Clear",
        "icon": "clear-night",
        "precipIntensity": 0,
        "precipProbability": 0,
        "temperature": 13.27,
        "apparentTemperature": 13.27,
        "dewPoint": 9.47,
        "humidity": 0.78,
        "pressure": 1018.5,
        "windSpeed": 1.25,
        "windGust": 2.44,
        "windBearing": 7,
        "cloudCover": 0.22,
        "uvIndex": 0,
        "visibility": 16.09,
        "ozone": 266.74
      },
      {
        "time": 1529740800,
        "summary": "Partly Cloudy",
        "icon": "partly-cloudy-night",
        "precipIntensity": 0,
        "precipProbability": 0,
        "temperature": 12.73,
        "apparentTemperature": 12.73,
        "dewPoint": 9.17,
        "humidity": 0.79,
        "pressure": 1018.66,
        "windSpeed": 1.24,
        "windGust": 2.4,
        "windBearing": 9,
        "cloudCover": 0.29,
        "uvIndex": 0,
        "visibility": 16.09,
        "ozone": 266.69
      },
      {
        "time": 1529744400,
        "summary": "Partly Cloudy",
        "icon": "partly-cloudy-night",
        "precipIntensity": 0,
        "precipProbability": 0,
        "temperature": 12.53,
        "apparentTemperature": 12.53,
        "dewPoint": 9.09,
        "humidity": 0.8,
        "pressure": 1018.91,
        "windSpeed": 1.2,
        "windGust": 2.5,
        "windBearing": 8,
        "cloudCover": 0.31,
        "uvIndex": 0,
        "visibility": 16.09,
        "ozone": 266.89
      },
      {
        "time": 1529748000,
        "summary": "Partly Cloudy",
        "icon": "partly-cloudy-day",
        "precipIntensity": 0,
        "precipProbability": 0,
        "temperature": 13.19,
        "apparentTemperature": 13.19,
        "dewPoint": 9.39,
        "humidity": 0.78,
        "pressure": 1019.42,
        "windSpeed": 1.28,
        "windGust": 2.8,
        "windBearing": 3,
        "cloudCover": 0.4,
        "uvIndex": 0,
        "visibility": 16.09,
        "ozone": 267.51
      },
      {
        "time": 1529751600,
        "summary": "Partly Cloudy",
        "icon": "partly-cloudy-day",
        "precipIntensity": 0,
        "precipProbability": 0,
        "temperature": 14.88,
        "apparentTemperature": 14.88,
        "dewPoint": 9.97,
        "humidity": 0.72,
        "pressure": 1019.89,
        "windSpeed": 1.35,
        "windGust": 3.24,
        "windBearing": 354,
        "cloudCover": 0.54,
        "uvIndex": 0,
        "visibility": 16.09,
        "ozone": 268.29
      },
      {
        "time": 1529755200,
        "summary": "Partly Cloudy",
        "icon": "partly-cloudy-day",
        "precipIntensity": 0,
        "precipProbability": 0,
        "temperature": 17.24,
        "apparentTemperature": 17.24,
        "dewPoint": 10.5,
        "humidity": 0.65,
        "pressure": 1020.11,
        "windSpeed": 1.47,
        "windGust": 3.76,
        "windBearing": 353,
        "cloudCover": 0.53,
        "uvIndex": 1,
        "visibility": 16.09,
        "ozone": 268.83
      },
      {
        "time": 1529758800,
        "summary": "Clear",
        "icon": "clear-day",
        "precipIntensity": 0,
        "precipProbability": 0,
        "temperature": 19.92,
        "apparentTemperature": 19.92,
        "dewPoint": 10.88,
        "humidity": 0.56,
        "pressure": 1020.05,
        "windSpeed": 1.71,
        "windGust": 4.43,
        "windBearing": 356,
        "cloudCover": 0.12,
        "uvIndex": 2,
        "visibility": 16.09,
        "ozone": 269.04
      },
      {
        "time": 1529762400,
        "summary": "Clear",
        "icon": "clear-day",
        "precipIntensity": 0,
        "precipProbability": 0,
        "temperature": 22.25,
        "apparentTemperature": 22.25,
        "dewPoint": 11.17,
        "humidity": 0.49,
        "pressure": 1019.54,
        "windSpeed": 2.17,
        "windGust": 5.19,
        "windBearing": 0,
        "cloudCover": 0,
        "uvIndex": 3,
        "visibility": 16.09,
        "ozone": 269.01
      },
      {
        "time": 1529766000,
        "summary": "Clear",
        "icon": "clear-day",
        "precipIntensity": 0,
        "precipProbability": 0,
        "temperature": 23.99,
        "apparentTemperature": 23.99,
        "dewPoint": 11.22,
        "humidity": 0.45,
        "pressure": 1018.66,
        "windSpeed": 2.66,
        "windGust": 5.74,
        "windBearing": 347,
        "cloudCover": 0.09,
        "uvIndex": 4,
        "visibility": 16.09,
        "ozone": 268.86
      },
      {
        "time": 1529769600,
        "summary": "Partly Cloudy",
        "icon": "partly-cloudy-day",
        "precipIntensity": 0,
        "precipProbability": 0,
        "temperature": 25.06,
        "apparentTemperature": 25.06,
        "dewPoint": 10.9,
        "humidity": 0.41,
        "pressure": 1017.81,
        "windSpeed": 3.29,
        "windGust": 5.95,
        "windBearing": 332,
        "cloudCover": 0.3,
        "uvIndex": 3,
        "visibility": 16.09,
        "ozone": 268.65
      },
      {
        "time": 1529773200,
        "summary": "Partly Cloudy",
        "icon": "partly-cloudy-day",
        "precipIntensity": 0,
        "precipProbability": 0,
        "temperature": 25.43,
        "apparentTemperature": 25.43,
        "dewPoint": 10.36,
        "humidity": 0.39,
        "pressure": 1016.76,
        "windSpeed": 3.73,
        "windGust": 5.95,
        "windBearing": 322,
        "cloudCover": 0.47,
        "uvIndex": 2,
        "visibility": 16.09,
        "ozone": 268.29
      },
      {
        "time": 1529776800,
        "summary": "Partly Cloudy",
        "icon": "partly-cloudy-day",
        "precipIntensity": 0,
        "precipProbability": 0,
        "temperature": 25.16,
        "apparentTemperature": 25.16,
        "dewPoint": 10.01,
        "humidity": 0.38,
        "pressure": 1016.3,
        "windSpeed": 3.63,
        "windGust": 5.85,
        "windBearing": 316,
        "cloudCover": 0.54,
        "uvIndex": 1,
        "visibility": 16.09,
        "ozone": 267.92
      },
      {
        "time": 1529780400,
        "summary": "Partly Cloudy",
        "icon": "partly-cloudy-day",
        "precipIntensity": 0,
        "precipProbability": 0,
        "temperature": 24.64,
        "apparentTemperature": 24.64,
        "dewPoint": 9.97,
        "humidity": 0.4,
        "pressure": 1016.27,
        "windSpeed": 2.99,
        "windGust": 5.75,
        "windBearing": 316,
        "cloudCover": 0.51,
        "uvIndex": 1,
        "visibility": 16.09,
        "ozone": 267.43
      },
      {
        "time": 1529784000,
        "summary": "Clear",
        "icon": "clear-day",
        "precipIntensity": 0,
        "precipProbability": 0,
        "temperature": 23.54,
        "apparentTemperature": 23.54,
        "dewPoint": 10.01,
        "humidity": 0.42,
        "pressure": 1016.59,
        "windSpeed": 2.21,
        "windGust": 5.57,
        "windBearing": 322,
        "cloudCover": 0.22,
        "uvIndex": 0,
        "visibility": 16.09,
        "ozone": 266.82
      },
      {
        "time": 1529787600,
        "summary": "Clear",
        "icon": "clear-night",
        "precipIntensity": 0,
        "precipProbability": 0,
        "temperature": 22.42,
        "apparentTemperature": 22.42,
        "dewPoint": 10.1,
        "humidity": 0.46,
        "pressure": 1017.13,
        "windSpeed": 1.63,
        "windGust": 5.12,
        "windBearing": 322,
        "cloudCover": 0.04,
        "uvIndex": 0,
        "visibility": 16.09,
        "ozone": 266.59
      },
      {
        "time": 1529791200,
        "summary": "Clear",
        "icon": "clear-night",
        "precipIntensity": 0,
        "precipProbability": 0,
        "temperature": 21.59,
        "apparentTemperature": 21.59,
        "dewPoint": 10.38,
        "humidity": 0.49,
        "pressure": 1017.66,
        "windSpeed": 1.69,
        "windGust": 4.12,
        "windBearing": 326,
        "cloudCover": 0.19,
        "uvIndex": 0,
        "visibility": 16.09,
        "ozone": 266.97
      },
      {
        "time": 1529794800,
        "summary": "Clear",
        "icon": "clear-night",
        "precipIntensity": 0,
        "precipProbability": 0,
        "temperature": 20.92,
        "apparentTemperature": 20.92,
        "dewPoint": 10.79,
        "humidity": 0.52,
        "pressure": 1018.17,
        "windSpeed": 1.65,
        "windGust": 2.87,
        "windBearing": 323,
        "cloudCover": 0.06,
        "uvIndex": 0,
        "visibility": 16.09,
        "ozone": 267.68
      },
      {
        "time": 1529798400,
        "summary": "Clear",
        "icon": "clear-night",
        "precipIntensity": 0,
        "precipProbability": 0,
        "temperature": 20.3,
        "apparentTemperature": 20.3,
        "dewPoint": 11.11,
        "humidity": 0.56,
        "pressure": 1018.63,
        "windSpeed": 1.71,
        "windGust": 2.18,
        "windBearing": 331,
        "cloudCover": 0.18,
        "uvIndex": 0,
        "visibility": 16.09,
        "ozone": 268.19
      },
      {
        "time": 1529802000,
        "summary": "Partly Cloudy",
        "icon": "partly-cloudy-night",
        "precipIntensity": 0,
        "precipProbability": 0,
        "temperature": 19.73,
        "apparentTemperature": 19.73,
        "dewPoint": 11.29,
        "humidity": 0.58,
        "pressure": 1019.08,
        "windSpeed": 1.79,
        "windGust": 2.4,
        "windBearing": 336,
        "cloudCover": 0.25,
        "uvIndex": 0,
        "visibility": 16.09,
        "ozone": 268.31
      },
      {
        "time": 1529805600,
        "summary": "Partly Cloudy",
        "icon": "partly-cloudy-night",
        "precipIntensity": 0,
        "precipProbability": 0,
        "temperature": 19.29,
        "apparentTemperature": 19.29,
        "dewPoint": 11.39,
        "humidity": 0.6,
        "pressure": 1019.22,
        "windSpeed": 1.75,
        "windGust": 3.14,
        "windBearing": 337,
        "cloudCover": 0.54,
        "uvIndex": 0,
        "visibility": 16.09,
        "ozone": 268.28
      },
      {
        "time": 1529809200,
        "summary": "Partly Cloudy",
        "icon": "partly-cloudy-night",
        "precipIntensity": 0,
        "precipProbability": 0,
        "temperature": 18.9,
        "apparentTemperature": 18.9,
        "dewPoint": 11.34,
        "humidity": 0.62,
        "pressure": 1019.21,
        "windSpeed": 1.72,
        "windGust": 3.82,
        "windBearing": 341,
        "cloudCover": 0.53,
        "uvIndex": 0,
        "visibility": 16.09,
        "ozone": 268.28
      },
      {
        "time": 1529812800,
        "summary": "Partly Cloudy",
        "icon": "partly-cloudy-night",
        "precipIntensity": 0,
        "precipProbability": 0,
        "temperature": 18.4,
        "apparentTemperature": 18.4,
        "dewPoint": 11.06,
        "humidity": 0.62,
        "pressure": 1019.11,
        "windSpeed": 1.75,
        "windGust": 4.2,
        "windBearing": 339,
        "cloudCover": 0.4,
        "uvIndex": 0,
        "visibility": 16.09,
        "ozone": 268.46
      },
      {
        "time": 1529816400,
        "summary": "Partly Cloudy",
        "icon": "partly-cloudy-night",
        "precipIntensity": 0,
        "precipProbability": 0,
        "temperature": 18,
        "apparentTemperature": 18,
        "dewPoint": 10.61,
        "humidity": 0.62,
        "pressure": 1019,
        "windSpeed": 1.84,
        "windGust": 4.5,
        "windBearing": 338,
        "cloudCover": 0.32,
        "uvIndex": 0,
        "visibility": 16.09,
        "ozone": 268.76
      },
      {
        "time": 1529820000,
        "summary": "Partly Cloudy",
        "icon": "partly-cloudy-night",
        "precipIntensity": 0,
        "precipProbability": 0,
        "temperature": 17.65,
        "apparentTemperature": 17.65,
        "dewPoint": 10.31,
        "humidity": 0.62,
        "pressure": 1018.8,
        "windSpeed": 1.84,
        "windGust": 4.7,
        "windBearing": 339,
        "cloudCover": 0.31,
        "uvIndex": 0,
        "visibility": 16.09,
        "ozone": 268.86
      },
      {
        "time": 1529823600,
        "summary": "Partly Cloudy",
        "icon": "partly-cloudy-night",
        "precipIntensity": 0,
        "precipProbability": 0,
        "temperature": 17.14,
        "apparentTemperature": 17.14,
        "dewPoint": 10.24,
        "humidity": 0.64,
        "pressure": 1018.83,
        "windSpeed": 1.73,
        "windGust": 4.78,
        "windBearing": 336,
        "cloudCover": 0.45,
        "uvIndex": 0,
        "visibility": 16.09,
        "ozone": 268.46
      },
      {
        "time": 1529827200,
        "summary": "Partly Cloudy",
        "icon": "partly-cloudy-night",
        "precipIntensity": 0,
        "precipProbability": 0,
        "temperature": 16.6,
        "apparentTemperature": 16.6,
        "dewPoint": 10.29,
        "humidity": 0.66,
        "pressure": 1018.9,
        "windSpeed": 1.6,
        "windGust": 4.76,
        "windBearing": 338,
        "cloudCover": 0.5,
        "uvIndex": 0,
        "visibility": 16.09,
        "ozone": 268.01
      },
      {
        "time": 1529830800,
        "summary": "Partly Cloudy",
        "icon": "partly-cloudy-night",
        "precipIntensity": 0,
        "precipProbability": 0,
        "temperature": 16.3,
        "apparentTemperature": 16.3,
        "dewPoint": 10.4,
        "humidity": 0.68,
        "pressure": 1019.11,
        "windSpeed": 1.78,
        "windGust": 4.76,
        "windBearing": 345,
        "cloudCover": 0.56,
        "uvIndex": 0,
        "visibility": 16.09,
        "ozone": 267.97
      },
      {
        "time": 1529834400,
        "summary": "Partly Cloudy",
        "icon": "partly-cloudy-day",
        "precipIntensity": 0,
        "precipProbability": 0,
        "temperature": 16.76,
        "apparentTemperature": 16.76,
        "dewPoint": 10.61,
        "humidity": 0.67,
        "pressure": 1019.72,
        "windSpeed": 1.67,
        "windGust": 4.9,
        "windBearing": 334,
        "cloudCover": 0.56,
        "uvIndex": 0,
        "visibility": 16.09,
        "ozone": 269.01
      },
      {
        "time": 1529838000,
        "summary": "Partly Cloudy",
        "icon": "partly-cloudy-day",
        "precipIntensity": 0,
        "precipProbability": 0,
        "temperature": 17.99,
        "apparentTemperature": 17.99,
        "dewPoint": 10.88,
        "humidity": 0.63,
        "pressure": 1020.17,
        "windSpeed": 1.73,
        "windGust": 5.06,
        "windBearing": 334,
        "cloudCover": 0.52,
        "uvIndex": 0,
        "visibility": 16.09,
        "ozone": 270.5
      },
      {
        "time": 1529841600,
        "summary": "Partly Cloudy",
        "icon": "partly-cloudy-day",
        "precipIntensity": 0,
        "precipProbability": 0,
        "temperature": 19.58,
        "apparentTemperature": 19.58,
        "dewPoint": 11.04,
        "humidity": 0.58,
        "pressure": 1020.6,
        "windSpeed": 1.86,
        "windGust": 4.96,
        "windBearing": 333,
        "cloudCover": 0.55,
        "uvIndex": 1,
        "visibility": 16.09,
        "ozone": 271.26
      },
      {
        "time": 1529845200,
        "summary": "Partly Cloudy",
        "icon": "partly-cloudy-day",
        "precipIntensity": 0,
        "precipProbability": 0,
        "temperature": 21.49,
        "apparentTemperature": 21.49,
        "dewPoint": 11.01,
        "humidity": 0.51,
        "pressure": 1020.44,
        "windSpeed": 2.15,
        "windGust": 4.4,
        "windBearing": 337,
        "cloudCover": 0.48,
        "uvIndex": 2,
        "visibility": 16.09,
        "ozone": 270.36
      },
      {
        "time": 1529848800,
        "summary": "Clear",
        "icon": "clear-day",
        "precipIntensity": 0,
        "precipProbability": 0,
        "temperature": 23.47,
        "apparentTemperature": 23.47,
        "dewPoint": 10.82,
        "humidity": 0.45,
        "pressure": 1019.92,
        "windSpeed": 2.56,
        "windGust": 3.58,
        "windBearing": 324,
        "cloudCover": 0.06,
        "uvIndex": 3,
        "visibility": 16.09,
        "ozone": 268.82
      },
      {
        "time": 1529852400,
        "summary": "Clear",
        "icon": "clear-day",
        "precipIntensity": 0,
        "precipProbability": 0,
        "temperature": 25.04,
        "apparentTemperature": 25.04,
        "dewPoint": 10.58,
        "humidity": 0.4,
        "pressure": 1019.09,
        "windSpeed": 2.97,
        "windGust": 3.02,
        "windBearing": 316,
        "cloudCover": 0,
        "uvIndex": 4,
        "visibility": 16.09,
        "ozone": 267.38
      },
      {
        "time": 1529856000,
        "summary": "Clear",
        "icon": "clear-day",
        "precipIntensity": 0,
        "precipProbability": 0,
        "temperature": 25.73,
        "apparentTemperature": 25.73,
        "dewPoint": 10.23,
        "humidity": 0.38,
        "pressure": 1018.19,
        "windSpeed": 2.9,
        "windGust": 3.08,
        "windBearing": 320,
        "cloudCover": 0.24,
        "uvIndex": 3,
        "visibility": 16.09,
        "ozone": 266.66
      },
      {
        "time": 1529859600,
        "summary": "Partly Cloudy",
        "icon": "partly-cloudy-day",
        "precipIntensity": 0,
        "precipProbability": 0,
        "temperature": 25.93,
        "apparentTemperature": 25.93,
        "dewPoint": 9.82,
        "humidity": 0.36,
        "pressure": 1017.38,
        "windSpeed": 2.95,
        "windGust": 2.99,
        "windBearing": 282,
        "cloudCover": 0.3,
        "uvIndex": 2,
        "visibility": 16.09,
        "ozone": 266.21
      },
      {
        "time": 1529863200,
        "summary": "Partly Cloudy",
        "icon": "partly-cloudy-day",
        "precipIntensity": 0,
        "precipProbability": 0,
        "temperature": 25.64,
        "apparentTemperature": 25.64,
        "dewPoint": 9.64,
        "humidity": 0.36,
        "pressure": 1016.88,
        "windSpeed": 2.69,
        "windGust": 2.75,
        "windBearing": 281,
        "cloudCover": 0.42,
        "uvIndex": 1,
        "visibility": 16.09,
        "ozone": 265.94
      },
      {
        "time": 1529866800,
        "summary": "Partly Cloudy",
        "icon": "partly-cloudy-day",
        "precipIntensity": 0,
        "precipProbability": 0,
        "temperature": 24.86,
        "apparentTemperature": 24.86,
        "dewPoint": 9.83,
        "humidity": 0.39,
        "pressure": 1017.01,
        "windSpeed": 2.37,
        "windGust": 2.93,
        "windBearing": 291,
        "cloudCover": 0.32,
        "uvIndex": 1,
        "visibility": 16.09,
        "ozone": 265.96
      },
      {
        "time": 1529870400,
        "summary": "Partly Cloudy",
        "icon": "partly-cloudy-day",
        "precipIntensity": 0,
        "precipProbability": 0,
        "temperature": 23.26,
        "apparentTemperature": 23.26,
        "dewPoint": 10.26,
        "humidity": 0.44,
        "pressure": 1017.59,
        "windSpeed": 1.15,
        "windGust": 4.77,
        "windBearing": 272,
        "cloudCover": 0.39,
        "uvIndex": 0,
        "visibility": 16.09,
        "ozone": 266.23
      },
      {
        "time": 1529874000,
        "summary": "Partly Cloudy",
        "icon": "partly-cloudy-night",
        "precipIntensity": 0,
        "precipProbability": 0,
        "temperature": 21.71,
        "apparentTemperature": 21.71,
        "dewPoint": 10.89,
        "humidity": 0.5,
        "pressure": 1018.19,
        "windSpeed": 1.89,
        "windGust": 6.04,
        "windBearing": 149,
        "cloudCover": 0.5,
        "uvIndex": 0,
        "visibility": 16.09,
        "ozone": 266.42
      },
      {
        "time": 1529877600,
        "summary": "Partly Cloudy",
        "icon": "partly-cloudy-night",
        "precipIntensity": 0,
        "precipProbability": 0,
        "temperature": 20.23,
        "apparentTemperature": 20.23,
        "dewPoint": 11.84,
        "humidity": 0.59,
        "pressure": 1018.88,
        "windSpeed": 2.46,
        "windGust": 6.2,
        "windBearing": 139,
        "cloudCover": 0.45,
        "uvIndex": 0,
        "visibility": 16.09,
        "ozone": 266.46
      },
      {
        "time": 1529881200,
        "summary": "Partly Cloudy",
        "icon": "partly-cloudy-night",
        "precipIntensity": 0.0127,
        "precipProbability": 0.02,
        "precipType": "rain",
        "temperature": 19.29,
        "apparentTemperature": 19.29,
        "dewPoint": 12.98,
        "humidity": 0.67,
        "pressure": 1019.6,
        "windSpeed": 2.2,
        "windGust": 5.8,
        "windBearing": 149,
        "cloudCover": 0.48,
        "uvIndex": 0,
        "visibility": 16.09,
        "ozone": 266.44
      },
      {
        "time": 1529884800,
        "summary": "Mostly Cloudy",
        "icon": "partly-cloudy-night",
        "precipIntensity": 0.0203,
        "precipProbability": 0.02,
        "precipType": "rain",
        "temperature": 18.64,
        "apparentTemperature": 18.64,
        "dewPoint": 13.96,
        "humidity": 0.74,
        "pressure": 1020.13,
        "windSpeed": 2.08,
        "windGust": 5.28,
        "windBearing": 161,
        "cloudCover": 0.62,
        "uvIndex": 0,
        "visibility": 16.09,
        "ozone": 266.38
      },
      {
        "time": 1529888400,
        "summary": "Partly Cloudy",
        "icon": "partly-cloudy-night",
        "precipIntensity": 0.0203,
        "precipProbability": 0.03,
        "precipType": "rain",
        "temperature": 18.19,
        "apparentTemperature": 18.19,
        "dewPoint": 14.69,
        "humidity": 0.8,
        "pressure": 1020.4,
        "windSpeed": 1.86,
        "windGust": 4.72,
        "windBearing": 165,
        "cloudCover": 0.56,
        "uvIndex": 0,
        "visibility": 16.09,
        "ozone": 266.16
      }
    ]
  },
  "daily": {
    "summary": "No precipitation throughout the week, with high temperatures rising to 26°C on Tuesday.",
    "icon": "clear-day",
    "data": [
      {
        "time": 1529636400,
        "summary": "Partly cloudy until afternoon.",
        "icon": "partly-cloudy-day",
        "sunriseTime": 1529660969,
        "sunsetTime": 1529699420,
        "moonPhase": 0.32,
        "precipIntensity": 0,
        "precipIntensityMax": 0.0025,
        "precipIntensityMaxTime": 1529647200,
        "precipProbability": 0,
        "temperatureHigh": 23.99,
        "temperatureHighTime": 1529686800,
        "temperatureLow": 12.53,
        "temperatureLowTime": 1529744400,
        "apparentTemperatureHigh": 23.99,
        "apparentTemperatureHighTime": 1529686800,
        "apparentTemperatureLow": 12.53,
        "apparentTemperatureLowTime": 1529744400,
        "dewPoint": 11.22,
        "humidity": 0.63,
        "pressure": 1019.28,
        "windSpeed": 0.18,
        "windGust": 4.25,
        "windGustTime": 1529636400,
        "windBearing": 2,
        "cloudCover": 0.24,
        "uvIndex": 3,
        "uvIndexTime": 1529676000,
        "visibility": 11.7,
        "ozone": 266.74,
        "temperatureMin": 14.17,
        "temperatureMinTime": 1529661600,
        "temperatureMax": 23.99,
        "temperatureMaxTime": 1529686800,
        "apparentTemperatureMin": 14.17,
        "apparentTemperatureMinTime": 1529661600,
        "apparentTemperatureMax": 23.99,
        "apparentTemperatureMaxTime": 1529686800
      },
      {
        "time": 1529722800,
        "summary": "Partly cloudy throughout the day.",
        "icon": "partly-cloudy-day",
        "sunriseTime": 1529747380,
        "sunsetTime": 1529785834,
        "moonPhase": 0.36,
        "precipIntensity": 0,
        "precipIntensityMax": 0,
        "precipProbability": 0,
        "temperatureHigh": 25.43,
        "temperatureHighTime": 1529773200,
        "temperatureLow": 16.3,
        "temperatureLowTime": 1529830800,
        "apparentTemperatureHigh": 25.43,
        "apparentTemperatureHighTime": 1529773200,
        "apparentTemperatureLow": 16.3,
        "apparentTemperatureLowTime": 1529830800,
        "dewPoint": 10.34,
        "humidity": 0.59,
        "pressure": 1018.53,
        "windSpeed": 1.77,
        "windGust": 5.95,
        "windGustTime": 1529773200,
        "windBearing": 341,
        "cloudCover": 0.25,
        "uvIndex": 4,
        "uvIndexTime": 1529766000,
        "visibility": 16.09,
        "ozone": 267.73,
        "temperatureMin": 12.53,
        "temperatureMinTime": 1529744400,
        "temperatureMax": 25.43,
        "temperatureMaxTime": 1529773200,
        "apparentTemperatureMin": 12.53,
        "apparentTemperatureMinTime": 1529744400,
        "apparentTemperatureMax": 25.43,
        "apparentTemperatureMaxTime": 1529773200
      },
      {
        "time": 1529809200,
        "summary": "Partly cloudy throughout the day.",
        "icon": "partly-cloudy-day",
        "sunriseTime": 1529833789,
        "sunsetTime": 1529872248,
        "moonPhase": 0.39,
        "precipIntensity": 0.0025,
        "precipIntensityMax": 0.0203,
        "precipIntensityMaxTime": 1529884800,
        "precipProbability": 0.03,
        "precipType": "rain",
        "temperatureHigh": 25.93,
        "temperatureHighTime": 1529859600,
        "temperatureLow": 14.62,
        "temperatureLowTime": 1529920800,
        "apparentTemperatureHigh": 25.93,
        "apparentTemperatureHighTime": 1529859600,
        "apparentTemperatureLow": 14.62,
        "apparentTemperatureLowTime": 1529920800,
        "dewPoint": 11.19,
        "humidity": 0.57,
        "pressure": 1019.06,
        "windSpeed": 0.96,
        "windGust": 6.2,
        "windGustTime": 1529877600,
        "windBearing": 314,
        "cloudCover": 0.42,
        "uvIndex": 4,
        "uvIndexTime": 1529852400,
        "visibility": 16.09,
        "ozone": 267.7,
        "temperatureMin": 16.3,
        "temperatureMinTime": 1529830800,
        "temperatureMax": 25.93,
        "temperatureMaxTime": 1529859600,
        "apparentTemperatureMin": 16.3,
        "apparentTemperatureMinTime": 1529830800,
        "apparentTemperatureMax": 25.93,
        "apparentTemperatureMaxTime": 1529859600
      },
      {
        "time": 1529895600,
        "summary": "Partly cloudy in the morning.",
        "icon": "partly-cloudy-night",
        "sunriseTime": 1529920198,
        "sunsetTime": 1529958663,
        "moonPhase": 0.42,
        "precipIntensity": 0.0025,
        "precipIntensityMax": 0.0127,
        "precipIntensityMaxTime": 1529895600,
        "precipProbability": 0.09,
        "precipType": "rain",
        "temperatureHigh": 25.79,
        "temperatureHighTime": 1529946000,
        "temperatureLow": 16.36,
        "temperatureLowTime": 1530003600,
        "apparentTemperatureHigh": 25.79,
        "apparentTemperatureHighTime": 1529946000,
        "apparentTemperatureLow": 16.36,
        "apparentTemperatureLowTime": 1530003600,
        "dewPoint": 11.96,
        "humidity": 0.64,
        "pressure": 1018.03,
        "windSpeed": 1.84,
        "windGust": 6.28,
        "windGustTime": 1529956800,
        "windBearing": 338,
        "cloudCover": 0.22,
        "uvIndex": 4,
        "uvIndexTime": 1529935200,
        "visibility": 16.09,
        "ozone": 262.94,
        "temperatureMin": 14.62,
        "temperatureMinTime": 1529920800,
        "temperatureMax": 25.79,
        "temperatureMaxTime": 1529946000,
        "apparentTemperatureMin": 14.62,
        "apparentTemperatureMinTime": 1529920800,
        "apparentTemperatureMax": 25.79,
        "apparentTemperatureMaxTime": 1529946000
      },
      {
        "time": 1529982000,
        "summary": "Clear throughout the day.",
        "icon": "clear-day",
        "sunriseTime": 1530006606,
        "sunsetTime": 1530045079,
        "moonPhase": 0.45,
        "precipIntensity": 0.0025,
        "precipIntensityMax": 0.0051,
        "precipIntensityMaxTime": 1530050400,
        "precipProbability": 0.04,
        "precipType": "rain",
        "temperatureHigh": 26.29,
        "temperatureHighTime": 1530032400,
        "temperatureLow": 15.61,
        "temperatureLowTime": 1530086400,
        "apparentTemperatureHigh": 26.29,
        "apparentTemperatureHighTime": 1530032400,
        "apparentTemperatureLow": 15.61,
        "apparentTemperatureLowTime": 1530086400,
        "dewPoint": 10.34,
        "humidity": 0.52,
        "pressure": 1016.69,
        "windSpeed": 2.52,
        "windGust": 7.89,
        "windGustTime": 1530014400,
        "windBearing": 328,
        "cloudCover": 0,
        "uvIndex": 4,
        "uvIndexTime": 1530021600,
        "visibility": 16.09,
        "ozone": 259.87,
        "temperatureMin": 16.36,
        "temperatureMinTime": 1530003600,
        "temperatureMax": 26.29,
        "temperatureMaxTime": 1530032400,
        "apparentTemperatureMin": 16.36,
        "apparentTemperatureMinTime": 1530003600,
        "apparentTemperatureMax": 26.29,
        "apparentTemperatureMaxTime": 1530032400
      },
      {
        "time": 1530068400,
        "summary": "Mostly cloudy throughout the day.",
        "icon": "partly-cloudy-night",
        "sunriseTime": 1530093013,
        "sunsetTime": 1530131495,
        "moonPhase": 0.48,
        "precipIntensity": 0.0025,
        "precipIntensityMax": 0.0152,
        "precipIntensityMaxTime": 1530136800,
        "precipProbability": 0.02,
        "precipType": "rain",
        "temperatureHigh": 26.28,
        "temperatureHighTime": 1530118800,
        "temperatureLow": 16.26,
        "temperatureLowTime": 1530176400,
        "apparentTemperatureHigh": 26.28,
        "apparentTemperatureHighTime": 1530118800,
        "apparentTemperatureLow": 16.26,
        "apparentTemperatureLowTime": 1530176400,
        "dewPoint": 10.91,
        "humidity": 0.54,
        "pressure": 1017.47,
        "windSpeed": 1.77,
        "windGust": 5.25,
        "windGustTime": 1530111600,
        "windBearing": 347,
        "cloudCover": 0.52,
        "uvIndex": 2,
        "uvIndexTime": 1530104400,
        "visibility": 16.09,
        "ozone": 258.77,
        "temperatureMin": 15.61,
        "temperatureMinTime": 1530086400,
        "temperatureMax": 26.28,
        "temperatureMaxTime": 1530118800,
        "apparentTemperatureMin": 15.61,
        "apparentTemperatureMinTime": 1530086400,
        "apparentTemperatureMax": 26.28,
        "apparentTemperatureMaxTime": 1530118800
      },
      {
        "time": 1530154800,
        "summary": "Partly cloudy starting in the evening.",
        "icon": "partly-cloudy-night",
        "sunriseTime": 1530179418,
        "sunsetTime": 1530217913,
        "moonPhase": 0.52,
        "precipIntensity": 0.0025,
        "precipIntensityMax": 0.0025,
        "precipIntensityMaxTime": 1530154800,
        "precipProbability": 0.04,
        "precipType": "rain",
        "temperatureHigh": 25.22,
        "temperatureHighTime": 1530205200,
        "temperatureLow": 16.07,
        "temperatureLowTime": 1530259200,
        "apparentTemperatureHigh": 25.22,
        "apparentTemperatureHighTime": 1530205200,
        "apparentTemperatureLow": 16.07,
        "apparentTemperatureLowTime": 1530259200,
        "dewPoint": 12.53,
        "humidity": 0.61,
        "pressure": 1018.73,
        "windSpeed": 1.1,
        "windGust": 5.37,
        "windGustTime": 1530223200,
        "windBearing": 102,
        "cloudCover": 0.27,
        "uvIndex": 4,
        "uvIndexTime": 1530194400,
        "visibility": 16.09,
        "ozone": 258.17,
        "temperatureMin": 16.26,
        "temperatureMinTime": 1530176400,
        "temperatureMax": 25.22,
        "temperatureMaxTime": 1530205200,
        "apparentTemperatureMin": 16.26,
        "apparentTemperatureMinTime": 1530176400,
        "apparentTemperatureMax": 25.22,
        "apparentTemperatureMaxTime": 1530205200
      },
      {
        "time": 1530241200,
        "summary": "Mostly cloudy until evening.",
        "icon": "partly-cloudy-day",
        "sunriseTime": 1530265823,
        "sunsetTime": 1530304331,
        "moonPhase": 0.54,
        "precipIntensity": 0.0025,
        "precipIntensityMax": 0.0102,
        "precipIntensityMaxTime": 1530324000,
        "precipProbability": 0.05,
        "precipType": "rain",
        "temperatureHigh": 25.31,
        "temperatureHighTime": 1530291600,
        "temperatureLow": 15.36,
        "temperatureLowTime": 1530345600,
        "apparentTemperatureHigh": 25.31,
        "apparentTemperatureHighTime": 1530291600,
        "apparentTemperatureLow": 15.36,
        "apparentTemperatureLowTime": 1530345600,
        "dewPoint": 13.23,
        "humidity": 0.67,
        "pressure": 1019.01,
        "windSpeed": 2.32,
        "windGust": 7.47,
        "windGustTime": 1530324000,
        "windBearing": 48,
        "cloudCover": 0.62,
        "uvIndex": 2,
        "uvIndexTime": 1530280800,
        "visibility": 16.09,
        "ozone": 260.78,
        "temperatureMin": 16.07,
        "temperatureMinTime": 1530259200,
        "temperatureMax": 25.31,
        "temperatureMaxTime": 1530291600,
        "apparentTemperatureMin": 16.07,
        "apparentTemperatureMinTime": 1530259200,
        "apparentTemperatureMax": 25.31,
        "apparentTemperatureMaxTime": 1530291600
      }
    ]
  },
  "flags": {
    "sources": [
      "cmc",
      "gfs",
      "icon",
      "isd",
      "madis"
    ],
    "nearest-station": 5.261,
    "units": "si"
  },
  "offset": -3
}
